<resources>
    <!-- Default screen margins, per the Android Design guidelines. -->
    <dimen name="activity_horizontal_margin">16dp</dimen>
    <dimen name="activity_vertical_margin">16dp</dimen>
    <dimen name="app_bar_height">180dp</dimen>

    <!-- FAB -->
    <dimen name="fab_margin">16dp</dimen>

    <!-- Foto do carro -->
    <dimen name="foto_carro_width">260dp</dimen>
    <dimen name="foto_carro_height">110dp</dimen>

    <!-- Largura/Altura da img do carro -->
    <dimen name="foto_carro_adapter_width">250dp</dimen>
    <dimen name="foto_carro_adapter_height">107dp</dimen>

</resources>
